
CREATE TABLE TG_USUARIO (
USUARI_N_CODIGO	INT,
USUARI_T_CORREO	VARCHAR(100),
USUARI_T_NOMBRE	VARCHAR(100),
USUARI_T_CONTRA	VARCHAR(50),
USUARI_N_GENERO	INT,
USUARI_T_FECNAC	VARCHAR(8),
USUARI_F_ACTIVO	INT	DEFAULT 1
)
GO

CREATE TABLE TG_TEST (
TEST_N_CODIGO	INT PRIMARY KEY IDENTITY(1,1),
TEST_T_DESCRI	VARCHAR(50),
TEST_F_ACTIVO	INT	DEFAULT 1
)
GO

CREATE TABLE TG_SITUACION (
SITUAC_N_CODIGO	INT PRIMARY KEY IDENTITY(1,1),
SITUAC_T_DESCRI	NVARCHAR(500),
TEST_N_CODIGO	INT FOREIGN KEY REFERENCES TG_TEST (TEST_N_CODIGO),
SITUAC_F_ACTIVO	INT	DEFAULT 1
)
GO

CREATE TABLE TG_SECCION (
SECCIO_N_CODIGO INT PRIMARY KEY IDENTITY(1,1),
SECCIO_T_DESCRI VARCHAR(50),
SECCIO_F_ACTIVO INT	DEFAULT 1
)
GO

CREATE TABLE TG_RESPUESTA (
RESPUE_N_CODIGO	INT PRIMARY KEY IDENTITY(1,1),
RESPUE_T_DESCRI	NVARCHAR(500),
SECCIO_N_CODIGO INT FOREIGN KEY REFERENCES TG_SECCION (SECCIO_N_CODIGO),
RESPUE_F_ACTIVO INT	DEFAULT 1
)
GO

CREATE TABLE TG_SITUACION_RESPUESTA (
SITRES_N_CODIGO	INT PRIMARY KEY IDENTITY(1,1),
SITUAC_N_CODIGO	INT FOREIGN KEY REFERENCES TG_SITUACION (SITUAC_N_CODIGO),
RESPUE_N_CODIGO INT FOREIGN KEY REFERENCES TG_RESPUESTA (RESPUE_N_CODIGO),
SITRES_F_ACTIVO INT	DEFAULT 1
)
GO

/*DROP TABLE TG_SITUACION_RESPUESTA
DROP TABLE TG_RESPUESTA
DROP TABLE TG_SECCION
DROP TABLE TG_SITUACION
DROP TABLE TG_TEST*/

INSERT INTO TG_TEST (TEST_T_DESCRI) VALUES ('TEST INICIO')

INSERT INTO TG_SITUACION (SITUAC_T_DESCRI, TEST_N_CODIGO) VALUES ('Ante un examen en el que me juego mucho o si voy a ser entrevistado para un trabajo importante', 1)
INSERT INTO TG_SITUACION (SITUAC_T_DESCRI, TEST_N_CODIGO) VALUES ('Cuando voy a llegar tarde a una cita', 1)
INSERT INTO TG_SITUACION (SITUAC_T_DESCRI, TEST_N_CODIGO) VALUES ('Cuando pienso en las muchas cosas que tengo que hacer', 1)
INSERT INTO TG_SITUACION (SITUAC_T_DESCRI, TEST_N_CODIGO) VALUES ('A la hora de tomar una decisión o resolver un problema', 1)
INSERT INTO TG_SITUACION (SITUAC_T_DESCRI, TEST_N_CODIGO) VALUES ('En mi trabajo o cuando estudio', 1)
INSERT INTO TG_SITUACION (SITUAC_T_DESCRI, TEST_N_CODIGO) VALUES ('Cuando espero a alguien en un lugar concurrido', 1)
INSERT INTO TG_SITUACION (SITUAC_T_DESCRI, TEST_N_CODIGO) VALUES ('Si una persona del otro sexo está muy cerca de mí, rozándome, o si estoy en una situación sexual íntima', 1)
INSERT INTO TG_SITUACION (SITUAC_T_DESCRI, TEST_N_CODIGO) VALUES ('Cuando alguien me molesta o cuando discuto', 1)
INSERT INTO TG_SITUACION (SITUAC_T_DESCRI, TEST_N_CODIGO) VALUES ('Cuando soy observado o mi trabajo es supervisado, cuando recibo críticas o siempre que pueda ser evaluado negativamente', 1)
INSERT INTO TG_SITUACION (SITUAC_T_DESCRI, TEST_N_CODIGO) VALUES ('Si tengo que hablar en público', 1)
INSERT INTO TG_SITUACION (SITUAC_T_DESCRI, TEST_N_CODIGO) VALUES ('Cuando pienso en experiencias', 1)
INSERT INTO TG_SITUACION (SITUAC_T_DESCRI, TEST_N_CODIGO) VALUES ('Cuando tengo que viajar en avión o en barco', 1)
INSERT INTO TG_SITUACION (SITUAC_T_DESCRI, TEST_N_CODIGO) VALUES ('Después de haber cometido algún error', 1)
INSERT INTO TG_SITUACION (SITUAC_T_DESCRI, TEST_N_CODIGO) VALUES ('Ante la consulta del dentista, las inyecciones, las heridas o la sangre', 1)
INSERT INTO TG_SITUACION (SITUAC_T_DESCRI, TEST_N_CODIGO) VALUES ('Cuando voy a una cita con una persona del otro sexo', 1)
INSERT INTO TG_SITUACION (SITUAC_T_DESCRI, TEST_N_CODIGO) VALUES ('Cuando pienso en mi futuro o en las dificultades y problemas futuros', 1)
INSERT INTO TG_SITUACION (SITUAC_T_DESCRI, TEST_N_CODIGO) VALUES ('En medio de multitudes o en espacios cerrados', 1)
INSERT INTO TG_SITUACION (SITUAC_T_DESCRI, TEST_N_CODIGO) VALUES ('Cuando tengo que asistir a una reunión social o conocer gente nueva', 1)
INSERT INTO TG_SITUACION (SITUAC_T_DESCRI, TEST_N_CODIGO) VALUES ('En lugares altos, o ante aguas profundas', 1)
INSERT INTO TG_SITUACION (SITUAC_T_DESCRI, TEST_N_CODIGO) VALUES ('Al observar escenas violentas', 1)
INSERT INTO TG_SITUACION (SITUAC_T_DESCRI, TEST_N_CODIGO) VALUES ('Por nada en concreto', 1)
INSERT INTO TG_SITUACION (SITUAC_T_DESCRI, TEST_N_CODIGO) VALUES ('A la hora de dormir', 1)
INSERT INTO TG_SITUACION (SITUAC_T_DESCRI, TEST_N_CODIGO) VALUES ('Escriba una situación en la que usted manifiesta frecuentemente alguna de estas respuestas o conductas', 1)

SET IDENTITY_INSERT TG_SECCION ON
INSERT INTO TG_SECCION (SECCIO_N_CODIGO, SECCIO_T_DESCRI) VALUES (1, 'COGNITIVO')
INSERT INTO TG_SECCION (SECCIO_N_CODIGO, SECCIO_T_DESCRI) VALUES (2, 'FISIOLÓGICO')
INSERT INTO TG_SECCION (SECCIO_N_CODIGO, SECCIO_T_DESCRI) VALUES (3, 'CONDUCTUAL')
SET IDENTITY_INSERT TG_SECCION OFF

SET IDENTITY_INSERT TG_RESPUESTA ON
INSERT INTO TG_RESPUESTA (RESPUE_N_CODIGO, RESPUE_T_DESCRI, SECCIO_N_CODIGO) VALUES (1, 'Me preocupo fácilmente', 1) 
INSERT INTO TG_RESPUESTA (RESPUE_N_CODIGO, RESPUE_T_DESCRI, SECCIO_N_CODIGO) VALUES (2, 'Tengo pensamiento o sentimientos negativos sobre mí, tales como inferior', 1) 
INSERT INTO TG_RESPUESTA (RESPUE_N_CODIGO, RESPUE_T_DESCRI, SECCIO_N_CODIGO) VALUES (3, 'Me siento inseguro de mí mismo', 1) 
INSERT INTO TG_RESPUESTA (RESPUE_N_CODIGO, RESPUE_T_DESCRI, SECCIO_N_CODIGO) VALUES (4, 'Doy demasiadas vueltas a las cosas sin llegar a decidirme', 1) 
INSERT INTO TG_RESPUESTA (RESPUE_N_CODIGO, RESPUE_T_DESCRI, SECCIO_N_CODIGO) VALUES (5, 'Siento miedo', 1) 
INSERT INTO TG_RESPUESTA (RESPUE_N_CODIGO, RESPUE_T_DESCRI, SECCIO_N_CODIGO) VALUES (6, 'Me cuesta concentrarme', 1) 
INSERT INTO TG_RESPUESTA (RESPUE_N_CODIGO, RESPUE_T_DESCRI, SECCIO_N_CODIGO) VALUES (7, 'Pienso que la gente se dará cuenta de mis problemas o de la torpeza de mis actos', 1) 

INSERT INTO TG_RESPUESTA (RESPUE_N_CODIGO, RESPUE_T_DESCRI, SECCIO_N_CODIGO) VALUES (8, 'Siento molestias en el estómago', 2) 
INSERT INTO TG_RESPUESTA (RESPUE_N_CODIGO, RESPUE_T_DESCRI, SECCIO_N_CODIGO) VALUES (9, 'Me sudan las manos u otra parte del cuerpo hasta en días fríos', 2)
INSERT INTO TG_RESPUESTA (RESPUE_N_CODIGO, RESPUE_T_DESCRI, SECCIO_N_CODIGO) VALUES (10, 'Me tiemblan las manos o las piernas', 2)
INSERT INTO TG_RESPUESTA (RESPUE_N_CODIGO, RESPUE_T_DESCRI, SECCIO_N_CODIGO) VALUES (11, 'Me duele la cabeza', 2)
INSERT INTO TG_RESPUESTA (RESPUE_N_CODIGO, RESPUE_T_DESCRI, SECCIO_N_CODIGO) VALUES (12, 'Mi cuerpo está en tensión', 2)
INSERT INTO TG_RESPUESTA (RESPUE_N_CODIGO, RESPUE_T_DESCRI, SECCIO_N_CODIGO) VALUES (13, 'Tengo palpitaciones, el corazón me late muy deprisa', 2)
INSERT INTO TG_RESPUESTA (RESPUE_N_CODIGO, RESPUE_T_DESCRI, SECCIO_N_CODIGO) VALUES (14, 'Me falta el aire y mi respiración es agitada', 2)
INSERT INTO TG_RESPUESTA (RESPUE_N_CODIGO, RESPUE_T_DESCRI, SECCIO_N_CODIGO) VALUES (15, 'Siento náuseas o mareos', 2)
INSERT INTO TG_RESPUESTA (RESPUE_N_CODIGO, RESPUE_T_DESCRI, SECCIO_N_CODIGO) VALUES (16, 'Se me seca la boca y tengo dificultades para tragar', 2)
INSERT INTO TG_RESPUESTA (RESPUE_N_CODIGO, RESPUE_T_DESCRI, SECCIO_N_CODIGO) VALUES (17, 'Tengo escalofríos y tirito aunque no haga mucho frío', 2)

INSERT INTO TG_RESPUESTA (RESPUE_N_CODIGO, RESPUE_T_DESCRI, SECCIO_N_CODIGO) VALUES (18, 'Lloro con facilidad', 3) 
INSERT INTO TG_RESPUESTA (RESPUE_N_CODIGO, RESPUE_T_DESCRI, SECCIO_N_CODIGO) VALUES (19, 'Realizo movimientos repetitivos con alguna parte de mi cuerpo (rascarme, tocarme, movimientos rítmicos con pies o manos, etc.)', 3) 
INSERT INTO TG_RESPUESTA (RESPUE_N_CODIGO, RESPUE_T_DESCRI, SECCIO_N_CODIGO) VALUES (20, 'Fumo, como o bebo demasiado', 3) 
INSERT INTO TG_RESPUESTA (RESPUE_N_CODIGO, RESPUE_T_DESCRI, SECCIO_N_CODIGO) VALUES (21, 'Trato de evitar o rehuir la situación', 3) 
INSERT INTO TG_RESPUESTA (RESPUE_N_CODIGO, RESPUE_T_DESCRI, SECCIO_N_CODIGO) VALUES (22, 'Me muevo y hago cosas sin una finalidad concreta', 3) 
INSERT INTO TG_RESPUESTA (RESPUE_N_CODIGO, RESPUE_T_DESCRI, SECCIO_N_CODIGO) VALUES (23, 'Quedo paralizado o mis movimientos son torpes', 3) 
INSERT INTO TG_RESPUESTA (RESPUE_N_CODIGO, RESPUE_T_DESCRI, SECCIO_N_CODIGO) VALUES (24, 'Tartamudeo o tengo otras dificultades de expresión verbal', 3) 
SET IDENTITY_INSERT TG_RESPUESTA OFF

--COGNITIVO
--------------------------------------------------------------------------------------
INSERT INTO TG_SITUACION_RESPUESTA (SITUAC_N_CODIGO, RESPUE_N_CODIGO) VALUES (1, 1)
INSERT INTO TG_SITUACION_RESPUESTA (SITUAC_N_CODIGO, RESPUE_N_CODIGO) VALUES (1, 6)
--------------------------------------------------------------------------------------
INSERT INTO TG_SITUACION_RESPUESTA (SITUAC_N_CODIGO, RESPUE_N_CODIGO) VALUES (2, 1)
--------------------------------------------------------------------------------------
INSERT INTO TG_SITUACION_RESPUESTA (SITUAC_N_CODIGO, RESPUE_N_CODIGO) VALUES (3, 4)
INSERT INTO TG_SITUACION_RESPUESTA (SITUAC_N_CODIGO, RESPUE_N_CODIGO) VALUES (3, 6)
--------------------------------------------------------------------------------------
INSERT INTO TG_SITUACION_RESPUESTA (SITUAC_N_CODIGO, RESPUE_N_CODIGO) VALUES (4, 1)
INSERT INTO TG_SITUACION_RESPUESTA (SITUAC_N_CODIGO, RESPUE_N_CODIGO) VALUES (4, 6)
--------------------------------------------------------------------------------------
INSERT INTO TG_SITUACION_RESPUESTA (SITUAC_N_CODIGO, RESPUE_N_CODIGO) VALUES (5, 3)
INSERT INTO TG_SITUACION_RESPUESTA (SITUAC_N_CODIGO, RESPUE_N_CODIGO) VALUES (5, 4)
--------------------------------------------------------------------------------------
INSERT INTO TG_SITUACION_RESPUESTA (SITUAC_N_CODIGO, RESPUE_N_CODIGO) VALUES (6, 1)
INSERT INTO TG_SITUACION_RESPUESTA (SITUAC_N_CODIGO, RESPUE_N_CODIGO) VALUES (6, 2)
INSERT INTO TG_SITUACION_RESPUESTA (SITUAC_N_CODIGO, RESPUE_N_CODIGO) VALUES (6, 4)
INSERT INTO TG_SITUACION_RESPUESTA (SITUAC_N_CODIGO, RESPUE_N_CODIGO) VALUES (6, 7)
--------------------------------------------------------------------------------------
INSERT INTO TG_SITUACION_RESPUESTA (SITUAC_N_CODIGO, RESPUE_N_CODIGO) VALUES (7, 4)
--------------------------------------------------------------------------------------
INSERT INTO TG_SITUACION_RESPUESTA (SITUAC_N_CODIGO, RESPUE_N_CODIGO) VALUES (8, 2)
INSERT INTO TG_SITUACION_RESPUESTA (SITUAC_N_CODIGO, RESPUE_N_CODIGO) VALUES (8, 7)
--------------------------------------------------------------------------------------
INSERT INTO TG_SITUACION_RESPUESTA (SITUAC_N_CODIGO, RESPUE_N_CODIGO) VALUES (9, 6)
INSERT INTO TG_SITUACION_RESPUESTA (SITUAC_N_CODIGO, RESPUE_N_CODIGO) VALUES (9, 7)
--------------------------------------------------------------------------------------
INSERT INTO TG_SITUACION_RESPUESTA (SITUAC_N_CODIGO, RESPUE_N_CODIGO) VALUES (10, 1)
INSERT INTO TG_SITUACION_RESPUESTA (SITUAC_N_CODIGO, RESPUE_N_CODIGO) VALUES (10, 4)
INSERT INTO TG_SITUACION_RESPUESTA (SITUAC_N_CODIGO, RESPUE_N_CODIGO) VALUES (10, 6)
INSERT INTO TG_SITUACION_RESPUESTA (SITUAC_N_CODIGO, RESPUE_N_CODIGO) VALUES (10, 7)
--------------------------------------------------------------------------------------
INSERT INTO TG_SITUACION_RESPUESTA (SITUAC_N_CODIGO, RESPUE_N_CODIGO) VALUES (11, 6)
--------------------------------------------------------------------------------------
INSERT INTO TG_SITUACION_RESPUESTA (SITUAC_N_CODIGO, RESPUE_N_CODIGO) VALUES (12, 3)
INSERT INTO TG_SITUACION_RESPUESTA (SITUAC_N_CODIGO, RESPUE_N_CODIGO) VALUES (12, 5)
INSERT INTO TG_SITUACION_RESPUESTA (SITUAC_N_CODIGO, RESPUE_N_CODIGO) VALUES (12, 6)
--------------------------------------------------------------------------------------
INSERT INTO TG_SITUACION_RESPUESTA (SITUAC_N_CODIGO, RESPUE_N_CODIGO) VALUES (13, 4)
INSERT INTO TG_SITUACION_RESPUESTA (SITUAC_N_CODIGO, RESPUE_N_CODIGO) VALUES (13, 5)
INSERT INTO TG_SITUACION_RESPUESTA (SITUAC_N_CODIGO, RESPUE_N_CODIGO) VALUES (13, 6)
INSERT INTO TG_SITUACION_RESPUESTA (SITUAC_N_CODIGO, RESPUE_N_CODIGO) VALUES (13, 7)
--------------------------------------------------------------------------------------
INSERT INTO TG_SITUACION_RESPUESTA (SITUAC_N_CODIGO, RESPUE_N_CODIGO) VALUES (14, 1)
--------------------------------------------------------------------------------------
INSERT INTO TG_SITUACION_RESPUESTA (SITUAC_N_CODIGO, RESPUE_N_CODIGO) VALUES (15, 5)
--------------------------------------------------------------------------------------
INSERT INTO TG_SITUACION_RESPUESTA (SITUAC_N_CODIGO, RESPUE_N_CODIGO) VALUES (16, 6)
--------------------------------------------------------------------------------------
INSERT INTO TG_SITUACION_RESPUESTA (SITUAC_N_CODIGO, RESPUE_N_CODIGO) VALUES (17, 1)
INSERT INTO TG_SITUACION_RESPUESTA (SITUAC_N_CODIGO, RESPUE_N_CODIGO) VALUES (17, 2)
INSERT INTO TG_SITUACION_RESPUESTA (SITUAC_N_CODIGO, RESPUE_N_CODIGO) VALUES (17, 5)
INSERT INTO TG_SITUACION_RESPUESTA (SITUAC_N_CODIGO, RESPUE_N_CODIGO) VALUES (17, 6)
INSERT INTO TG_SITUACION_RESPUESTA (SITUAC_N_CODIGO, RESPUE_N_CODIGO) VALUES (17, 7)
--------------------------------------------------------------------------------------
INSERT INTO TG_SITUACION_RESPUESTA (SITUAC_N_CODIGO, RESPUE_N_CODIGO) VALUES (18, 3)
INSERT INTO TG_SITUACION_RESPUESTA (SITUAC_N_CODIGO, RESPUE_N_CODIGO) VALUES (18, 6)
--------------------------------------------------------------------------------------
INSERT INTO TG_SITUACION_RESPUESTA (SITUAC_N_CODIGO, RESPUE_N_CODIGO) VALUES (19, 1)
INSERT INTO TG_SITUACION_RESPUESTA (SITUAC_N_CODIGO, RESPUE_N_CODIGO) VALUES (19, 2)
INSERT INTO TG_SITUACION_RESPUESTA (SITUAC_N_CODIGO, RESPUE_N_CODIGO) VALUES (19, 3)
INSERT INTO TG_SITUACION_RESPUESTA (SITUAC_N_CODIGO, RESPUE_N_CODIGO) VALUES (19, 5)
INSERT INTO TG_SITUACION_RESPUESTA (SITUAC_N_CODIGO, RESPUE_N_CODIGO) VALUES (19, 7)
--------------------------------------------------------------------------------------
INSERT INTO TG_SITUACION_RESPUESTA (SITUAC_N_CODIGO, RESPUE_N_CODIGO) VALUES (20, 1)
INSERT INTO TG_SITUACION_RESPUESTA (SITUAC_N_CODIGO, RESPUE_N_CODIGO) VALUES (20, 2)
INSERT INTO TG_SITUACION_RESPUESTA (SITUAC_N_CODIGO, RESPUE_N_CODIGO) VALUES (20, 5)
--------------------------------------------------------------------------------------
INSERT INTO TG_SITUACION_RESPUESTA (SITUAC_N_CODIGO, RESPUE_N_CODIGO) VALUES (21, 1)
INSERT INTO TG_SITUACION_RESPUESTA (SITUAC_N_CODIGO, RESPUE_N_CODIGO) VALUES (21, 2)
INSERT INTO TG_SITUACION_RESPUESTA (SITUAC_N_CODIGO, RESPUE_N_CODIGO) VALUES (21, 3)
INSERT INTO TG_SITUACION_RESPUESTA (SITUAC_N_CODIGO, RESPUE_N_CODIGO) VALUES (21, 4)
INSERT INTO TG_SITUACION_RESPUESTA (SITUAC_N_CODIGO, RESPUE_N_CODIGO) VALUES (21, 5)
--------------------------------------------------------------------------------------
INSERT INTO TG_SITUACION_RESPUESTA (SITUAC_N_CODIGO, RESPUE_N_CODIGO) VALUES (22, 1)
INSERT INTO TG_SITUACION_RESPUESTA (SITUAC_N_CODIGO, RESPUE_N_CODIGO) VALUES (22, 2)
INSERT INTO TG_SITUACION_RESPUESTA (SITUAC_N_CODIGO, RESPUE_N_CODIGO) VALUES (22, 7)

--FISIOLOGICO
--------------------------------------------------------------------------------------
INSERT INTO TG_SITUACION_RESPUESTA (SITUAC_N_CODIGO, RESPUE_N_CODIGO) VALUES (1, 10)
INSERT INTO TG_SITUACION_RESPUESTA (SITUAC_N_CODIGO, RESPUE_N_CODIGO) VALUES (1, 11)
INSERT INTO TG_SITUACION_RESPUESTA (SITUAC_N_CODIGO, RESPUE_N_CODIGO) VALUES (1, 12)
INSERT INTO TG_SITUACION_RESPUESTA (SITUAC_N_CODIGO, RESPUE_N_CODIGO) VALUES (1, 14)
INSERT INTO TG_SITUACION_RESPUESTA (SITUAC_N_CODIGO, RESPUE_N_CODIGO) VALUES (1, 15)
INSERT INTO TG_SITUACION_RESPUESTA (SITUAC_N_CODIGO, RESPUE_N_CODIGO) VALUES (1, 16)
INSERT INTO TG_SITUACION_RESPUESTA (SITUAC_N_CODIGO, RESPUE_N_CODIGO) VALUES (1, 17)
--------------------------------------------------------------------------------------
INSERT INTO TG_SITUACION_RESPUESTA (SITUAC_N_CODIGO, RESPUE_N_CODIGO) VALUES (2, 8)
INSERT INTO TG_SITUACION_RESPUESTA (SITUAC_N_CODIGO, RESPUE_N_CODIGO) VALUES (2, 9)
INSERT INTO TG_SITUACION_RESPUESTA (SITUAC_N_CODIGO, RESPUE_N_CODIGO) VALUES (2, 10)
INSERT INTO TG_SITUACION_RESPUESTA (SITUAC_N_CODIGO, RESPUE_N_CODIGO) VALUES (2, 11)
INSERT INTO TG_SITUACION_RESPUESTA (SITUAC_N_CODIGO, RESPUE_N_CODIGO) VALUES (2, 13)
INSERT INTO TG_SITUACION_RESPUESTA (SITUAC_N_CODIGO, RESPUE_N_CODIGO) VALUES (2, 14)
INSERT INTO TG_SITUACION_RESPUESTA (SITUAC_N_CODIGO, RESPUE_N_CODIGO) VALUES (2, 16)
--------------------------------------------------------------------------------------
INSERT INTO TG_SITUACION_RESPUESTA (SITUAC_N_CODIGO, RESPUE_N_CODIGO) VALUES (3, 8)
INSERT INTO TG_SITUACION_RESPUESTA (SITUAC_N_CODIGO, RESPUE_N_CODIGO) VALUES (3, 9)
INSERT INTO TG_SITUACION_RESPUESTA (SITUAC_N_CODIGO, RESPUE_N_CODIGO) VALUES (3, 10)
INSERT INTO TG_SITUACION_RESPUESTA (SITUAC_N_CODIGO, RESPUE_N_CODIGO) VALUES (3, 11)
INSERT INTO TG_SITUACION_RESPUESTA (SITUAC_N_CODIGO, RESPUE_N_CODIGO) VALUES (3, 13)
INSERT INTO TG_SITUACION_RESPUESTA (SITUAC_N_CODIGO, RESPUE_N_CODIGO) VALUES (3, 14)
INSERT INTO TG_SITUACION_RESPUESTA (SITUAC_N_CODIGO, RESPUE_N_CODIGO) VALUES (3, 15)
INSERT INTO TG_SITUACION_RESPUESTA (SITUAC_N_CODIGO, RESPUE_N_CODIGO) VALUES (3, 16)
--------------------------------------------------------------------------------------
INSERT INTO TG_SITUACION_RESPUESTA (SITUAC_N_CODIGO, RESPUE_N_CODIGO) VALUES (4, 11)
--------------------------------------------------------------------------------------
INSERT INTO TG_SITUACION_RESPUESTA (SITUAC_N_CODIGO, RESPUE_N_CODIGO) VALUES (5, 8)
INSERT INTO TG_SITUACION_RESPUESTA (SITUAC_N_CODIGO, RESPUE_N_CODIGO) VALUES (5, 11)
INSERT INTO TG_SITUACION_RESPUESTA (SITUAC_N_CODIGO, RESPUE_N_CODIGO) VALUES (5, 13)
--------------------------------------------------------------------------------------
INSERT INTO TG_SITUACION_RESPUESTA (SITUAC_N_CODIGO, RESPUE_N_CODIGO) VALUES (6, 8)
INSERT INTO TG_SITUACION_RESPUESTA (SITUAC_N_CODIGO, RESPUE_N_CODIGO) VALUES (6, 12)
INSERT INTO TG_SITUACION_RESPUESTA (SITUAC_N_CODIGO, RESPUE_N_CODIGO) VALUES (6, 14)
INSERT INTO TG_SITUACION_RESPUESTA (SITUAC_N_CODIGO, RESPUE_N_CODIGO) VALUES (6, 16)
--------------------------------------------------------------------------------------
INSERT INTO TG_SITUACION_RESPUESTA (SITUAC_N_CODIGO, RESPUE_N_CODIGO) VALUES (7, 10)
INSERT INTO TG_SITUACION_RESPUESTA (SITUAC_N_CODIGO, RESPUE_N_CODIGO) VALUES (7, 13)
INSERT INTO TG_SITUACION_RESPUESTA (SITUAC_N_CODIGO, RESPUE_N_CODIGO) VALUES (7, 14)
INSERT INTO TG_SITUACION_RESPUESTA (SITUAC_N_CODIGO, RESPUE_N_CODIGO) VALUES (7, 15)
INSERT INTO TG_SITUACION_RESPUESTA (SITUAC_N_CODIGO, RESPUE_N_CODIGO) VALUES (7, 16)
--------------------------------------------------------------------------------------
INSERT INTO TG_SITUACION_RESPUESTA (SITUAC_N_CODIGO, RESPUE_N_CODIGO) VALUES (8, 8)
INSERT INTO TG_SITUACION_RESPUESTA (SITUAC_N_CODIGO, RESPUE_N_CODIGO) VALUES (8, 10)
INSERT INTO TG_SITUACION_RESPUESTA (SITUAC_N_CODIGO, RESPUE_N_CODIGO) VALUES (8, 11)
INSERT INTO TG_SITUACION_RESPUESTA (SITUAC_N_CODIGO, RESPUE_N_CODIGO) VALUES (8, 13)
INSERT INTO TG_SITUACION_RESPUESTA (SITUAC_N_CODIGO, RESPUE_N_CODIGO) VALUES (8, 14)
INSERT INTO TG_SITUACION_RESPUESTA (SITUAC_N_CODIGO, RESPUE_N_CODIGO) VALUES (8, 15)
INSERT INTO TG_SITUACION_RESPUESTA (SITUAC_N_CODIGO, RESPUE_N_CODIGO) VALUES (8, 16)
--------------------------------------------------------------------------------------
INSERT INTO TG_SITUACION_RESPUESTA (SITUAC_N_CODIGO, RESPUE_N_CODIGO) VALUES (9, 10)
INSERT INTO TG_SITUACION_RESPUESTA (SITUAC_N_CODIGO, RESPUE_N_CODIGO) VALUES (9, 14)
INSERT INTO TG_SITUACION_RESPUESTA (SITUAC_N_CODIGO, RESPUE_N_CODIGO) VALUES (9, 15)
INSERT INTO TG_SITUACION_RESPUESTA (SITUAC_N_CODIGO, RESPUE_N_CODIGO) VALUES (9, 16)
--------------------------------------------------------------------------------------
INSERT INTO TG_SITUACION_RESPUESTA (SITUAC_N_CODIGO, RESPUE_N_CODIGO) VALUES (10, 8)
INSERT INTO TG_SITUACION_RESPUESTA (SITUAC_N_CODIGO, RESPUE_N_CODIGO) VALUES (10, 10)
INSERT INTO TG_SITUACION_RESPUESTA (SITUAC_N_CODIGO, RESPUE_N_CODIGO) VALUES (10, 11)
INSERT INTO TG_SITUACION_RESPUESTA (SITUAC_N_CODIGO, RESPUE_N_CODIGO) VALUES (10, 13)
INSERT INTO TG_SITUACION_RESPUESTA (SITUAC_N_CODIGO, RESPUE_N_CODIGO) VALUES (10, 14)
INSERT INTO TG_SITUACION_RESPUESTA (SITUAC_N_CODIGO, RESPUE_N_CODIGO) VALUES (10, 15)
INSERT INTO TG_SITUACION_RESPUESTA (SITUAC_N_CODIGO, RESPUE_N_CODIGO) VALUES (10, 16)
--------------------------------------------------------------------------------------
INSERT INTO TG_SITUACION_RESPUESTA (SITUAC_N_CODIGO, RESPUE_N_CODIGO) VALUES (11, 12)
INSERT INTO TG_SITUACION_RESPUESTA (SITUAC_N_CODIGO, RESPUE_N_CODIGO) VALUES (11, 13)
INSERT INTO TG_SITUACION_RESPUESTA (SITUAC_N_CODIGO, RESPUE_N_CODIGO) VALUES (11, 14)
INSERT INTO TG_SITUACION_RESPUESTA (SITUAC_N_CODIGO, RESPUE_N_CODIGO) VALUES (11, 17)
--------------------------------------------------------------------------------------
INSERT INTO TG_SITUACION_RESPUESTA (SITUAC_N_CODIGO, RESPUE_N_CODIGO) VALUES (12, 9)
INSERT INTO TG_SITUACION_RESPUESTA (SITUAC_N_CODIGO, RESPUE_N_CODIGO) VALUES (12, 10)
INSERT INTO TG_SITUACION_RESPUESTA (SITUAC_N_CODIGO, RESPUE_N_CODIGO) VALUES (12, 11)
INSERT INTO TG_SITUACION_RESPUESTA (SITUAC_N_CODIGO, RESPUE_N_CODIGO) VALUES (12, 13)
INSERT INTO TG_SITUACION_RESPUESTA (SITUAC_N_CODIGO, RESPUE_N_CODIGO) VALUES (12, 14)
INSERT INTO TG_SITUACION_RESPUESTA (SITUAC_N_CODIGO, RESPUE_N_CODIGO) VALUES (12, 15)
INSERT INTO TG_SITUACION_RESPUESTA (SITUAC_N_CODIGO, RESPUE_N_CODIGO) VALUES (12, 16)
--------------------------------------------------------------------------------------
INSERT INTO TG_SITUACION_RESPUESTA (SITUAC_N_CODIGO, RESPUE_N_CODIGO) VALUES (13, 9)
INSERT INTO TG_SITUACION_RESPUESTA (SITUAC_N_CODIGO, RESPUE_N_CODIGO) VALUES (13, 10)
INSERT INTO TG_SITUACION_RESPUESTA (SITUAC_N_CODIGO, RESPUE_N_CODIGO) VALUES (13, 11)
INSERT INTO TG_SITUACION_RESPUESTA (SITUAC_N_CODIGO, RESPUE_N_CODIGO) VALUES (13, 14)
INSERT INTO TG_SITUACION_RESPUESTA (SITUAC_N_CODIGO, RESPUE_N_CODIGO) VALUES (13, 17)
--------------------------------------------------------------------------------------
INSERT INTO TG_SITUACION_RESPUESTA (SITUAC_N_CODIGO, RESPUE_N_CODIGO) VALUES (14, 11)
INSERT INTO TG_SITUACION_RESPUESTA (SITUAC_N_CODIGO, RESPUE_N_CODIGO) VALUES (14, 14)
INSERT INTO TG_SITUACION_RESPUESTA (SITUAC_N_CODIGO, RESPUE_N_CODIGO) VALUES (14, 17)
--------------------------------------------------------------------------------------
INSERT INTO TG_SITUACION_RESPUESTA (SITUAC_N_CODIGO, RESPUE_N_CODIGO) VALUES (15, 10)
INSERT INTO TG_SITUACION_RESPUESTA (SITUAC_N_CODIGO, RESPUE_N_CODIGO) VALUES (15, 11)
INSERT INTO TG_SITUACION_RESPUESTA (SITUAC_N_CODIGO, RESPUE_N_CODIGO) VALUES (15, 14)
INSERT INTO TG_SITUACION_RESPUESTA (SITUAC_N_CODIGO, RESPUE_N_CODIGO) VALUES (15, 16)
--------------------------------------------------------------------------------------
INSERT INTO TG_SITUACION_RESPUESTA (SITUAC_N_CODIGO, RESPUE_N_CODIGO) VALUES (16, 9)
INSERT INTO TG_SITUACION_RESPUESTA (SITUAC_N_CODIGO, RESPUE_N_CODIGO) VALUES (16, 10)
INSERT INTO TG_SITUACION_RESPUESTA (SITUAC_N_CODIGO, RESPUE_N_CODIGO) VALUES (16, 11)
INSERT INTO TG_SITUACION_RESPUESTA (SITUAC_N_CODIGO, RESPUE_N_CODIGO) VALUES (16, 12)
INSERT INTO TG_SITUACION_RESPUESTA (SITUAC_N_CODIGO, RESPUE_N_CODIGO) VALUES (16, 14)
INSERT INTO TG_SITUACION_RESPUESTA (SITUAC_N_CODIGO, RESPUE_N_CODIGO) VALUES (16, 16)
--------------------------------------------------------------------------------------
INSERT INTO TG_SITUACION_RESPUESTA (SITUAC_N_CODIGO, RESPUE_N_CODIGO) VALUES (17, 8)
INSERT INTO TG_SITUACION_RESPUESTA (SITUAC_N_CODIGO, RESPUE_N_CODIGO) VALUES (17, 9)
INSERT INTO TG_SITUACION_RESPUESTA (SITUAC_N_CODIGO, RESPUE_N_CODIGO) VALUES (17, 10)
INSERT INTO TG_SITUACION_RESPUESTA (SITUAC_N_CODIGO, RESPUE_N_CODIGO) VALUES (17, 11)
INSERT INTO TG_SITUACION_RESPUESTA (SITUAC_N_CODIGO, RESPUE_N_CODIGO) VALUES (17, 14)
--------------------------------------------------------------------------------------
INSERT INTO TG_SITUACION_RESPUESTA (SITUAC_N_CODIGO, RESPUE_N_CODIGO) VALUES (18, 8)
INSERT INTO TG_SITUACION_RESPUESTA (SITUAC_N_CODIGO, RESPUE_N_CODIGO) VALUES (18, 10)
INSERT INTO TG_SITUACION_RESPUESTA (SITUAC_N_CODIGO, RESPUE_N_CODIGO) VALUES (18, 11)
INSERT INTO TG_SITUACION_RESPUESTA (SITUAC_N_CODIGO, RESPUE_N_CODIGO) VALUES (18, 14)
INSERT INTO TG_SITUACION_RESPUESTA (SITUAC_N_CODIGO, RESPUE_N_CODIGO) VALUES (18, 16)
--------------------------------------------------------------------------------------
INSERT INTO TG_SITUACION_RESPUESTA (SITUAC_N_CODIGO, RESPUE_N_CODIGO) VALUES (19, 10)
INSERT INTO TG_SITUACION_RESPUESTA (SITUAC_N_CODIGO, RESPUE_N_CODIGO) VALUES (19, 13)
INSERT INTO TG_SITUACION_RESPUESTA (SITUAC_N_CODIGO, RESPUE_N_CODIGO) VALUES (19, 14)
INSERT INTO TG_SITUACION_RESPUESTA (SITUAC_N_CODIGO, RESPUE_N_CODIGO) VALUES (19, 15)
INSERT INTO TG_SITUACION_RESPUESTA (SITUAC_N_CODIGO, RESPUE_N_CODIGO) VALUES (19, 16)
INSERT INTO TG_SITUACION_RESPUESTA (SITUAC_N_CODIGO, RESPUE_N_CODIGO) VALUES (19, 17)
--------------------------------------------------------------------------------------
INSERT INTO TG_SITUACION_RESPUESTA (SITUAC_N_CODIGO, RESPUE_N_CODIGO) VALUES (20, 8)
INSERT INTO TG_SITUACION_RESPUESTA (SITUAC_N_CODIGO, RESPUE_N_CODIGO) VALUES (20, 13)
INSERT INTO TG_SITUACION_RESPUESTA (SITUAC_N_CODIGO, RESPUE_N_CODIGO) VALUES (20, 14)
INSERT INTO TG_SITUACION_RESPUESTA (SITUAC_N_CODIGO, RESPUE_N_CODIGO) VALUES (20, 15)
--------------------------------------------------------------------------------------
INSERT INTO TG_SITUACION_RESPUESTA (SITUAC_N_CODIGO, RESPUE_N_CODIGO) VALUES (21, 8)
INSERT INTO TG_SITUACION_RESPUESTA (SITUAC_N_CODIGO, RESPUE_N_CODIGO) VALUES (21, 10)
INSERT INTO TG_SITUACION_RESPUESTA (SITUAC_N_CODIGO, RESPUE_N_CODIGO) VALUES (21, 11)
INSERT INTO TG_SITUACION_RESPUESTA (SITUAC_N_CODIGO, RESPUE_N_CODIGO) VALUES (21, 13)
INSERT INTO TG_SITUACION_RESPUESTA (SITUAC_N_CODIGO, RESPUE_N_CODIGO) VALUES (21, 14)
INSERT INTO TG_SITUACION_RESPUESTA (SITUAC_N_CODIGO, RESPUE_N_CODIGO) VALUES (21, 15)
INSERT INTO TG_SITUACION_RESPUESTA (SITUAC_N_CODIGO, RESPUE_N_CODIGO) VALUES (21, 16)
--------------------------------------------------------------------------------------
INSERT INTO TG_SITUACION_RESPUESTA (SITUAC_N_CODIGO, RESPUE_N_CODIGO) VALUES (22, 11)

--CONDUCTUAL
--------------------------------------------------------------------------------------
INSERT INTO TG_SITUACION_RESPUESTA (SITUAC_N_CODIGO, RESPUE_N_CODIGO) VALUES (1, 19)
INSERT INTO TG_SITUACION_RESPUESTA (SITUAC_N_CODIGO, RESPUE_N_CODIGO) VALUES (1, 22)
INSERT INTO TG_SITUACION_RESPUESTA (SITUAC_N_CODIGO, RESPUE_N_CODIGO) VALUES (1, 23)
--------------------------------------------------------------------------------------
INSERT INTO TG_SITUACION_RESPUESTA (SITUAC_N_CODIGO, RESPUE_N_CODIGO) VALUES (2, 19)
INSERT INTO TG_SITUACION_RESPUESTA (SITUAC_N_CODIGO, RESPUE_N_CODIGO) VALUES (2, 22)
--------------------------------------------------------------------------------------
INSERT INTO TG_SITUACION_RESPUESTA (SITUAC_N_CODIGO, RESPUE_N_CODIGO) VALUES (3, 18)
INSERT INTO TG_SITUACION_RESPUESTA (SITUAC_N_CODIGO, RESPUE_N_CODIGO) VALUES (3, 19)
INSERT INTO TG_SITUACION_RESPUESTA (SITUAC_N_CODIGO, RESPUE_N_CODIGO) VALUES (3, 20)
INSERT INTO TG_SITUACION_RESPUESTA (SITUAC_N_CODIGO, RESPUE_N_CODIGO) VALUES (3, 22)
INSERT INTO TG_SITUACION_RESPUESTA (SITUAC_N_CODIGO, RESPUE_N_CODIGO) VALUES (3, 23)
INSERT INTO TG_SITUACION_RESPUESTA (SITUAC_N_CODIGO, RESPUE_N_CODIGO) VALUES (3, 24)
--------------------------------------------------------------------------------------
INSERT INTO TG_SITUACION_RESPUESTA (SITUAC_N_CODIGO, RESPUE_N_CODIGO) VALUES (4, 20)
INSERT INTO TG_SITUACION_RESPUESTA (SITUAC_N_CODIGO, RESPUE_N_CODIGO) VALUES (4, 22)
INSERT INTO TG_SITUACION_RESPUESTA (SITUAC_N_CODIGO, RESPUE_N_CODIGO) VALUES (4, 24)
--------------------------------------------------------------------------------------
INSERT INTO TG_SITUACION_RESPUESTA (SITUAC_N_CODIGO, RESPUE_N_CODIGO) VALUES (5, 18)
INSERT INTO TG_SITUACION_RESPUESTA (SITUAC_N_CODIGO, RESPUE_N_CODIGO) VALUES (5, 20)
INSERT INTO TG_SITUACION_RESPUESTA (SITUAC_N_CODIGO, RESPUE_N_CODIGO) VALUES (5, 23)
--------------------------------------------------------------------------------------
INSERT INTO TG_SITUACION_RESPUESTA (SITUAC_N_CODIGO, RESPUE_N_CODIGO) VALUES (6, 20)
INSERT INTO TG_SITUACION_RESPUESTA (SITUAC_N_CODIGO, RESPUE_N_CODIGO) VALUES (6, 21)
--------------------------------------------------------------------------------------
INSERT INTO TG_SITUACION_RESPUESTA (SITUAC_N_CODIGO, RESPUE_N_CODIGO) VALUES (7, 20)
--------------------------------------------------------------------------------------
INSERT INTO TG_SITUACION_RESPUESTA (SITUAC_N_CODIGO, RESPUE_N_CODIGO) VALUES (8, 19)
INSERT INTO TG_SITUACION_RESPUESTA (SITUAC_N_CODIGO, RESPUE_N_CODIGO) VALUES (8, 20)
INSERT INTO TG_SITUACION_RESPUESTA (SITUAC_N_CODIGO, RESPUE_N_CODIGO) VALUES (8, 23)
--------------------------------------------------------------------------------------
INSERT INTO TG_SITUACION_RESPUESTA (SITUAC_N_CODIGO, RESPUE_N_CODIGO) VALUES (9, 19)
INSERT INTO TG_SITUACION_RESPUESTA (SITUAC_N_CODIGO, RESPUE_N_CODIGO) VALUES (9, 20)
INSERT INTO TG_SITUACION_RESPUESTA (SITUAC_N_CODIGO, RESPUE_N_CODIGO) VALUES (9, 23)
--------------------------------------------------------------------------------------
INSERT INTO TG_SITUACION_RESPUESTA (SITUAC_N_CODIGO, RESPUE_N_CODIGO) VALUES (10, 20)
--------------------------------------------------------------------------------------
INSERT INTO TG_SITUACION_RESPUESTA (SITUAC_N_CODIGO, RESPUE_N_CODIGO) VALUES (11, 19)
INSERT INTO TG_SITUACION_RESPUESTA (SITUAC_N_CODIGO, RESPUE_N_CODIGO) VALUES (11, 20)
INSERT INTO TG_SITUACION_RESPUESTA (SITUAC_N_CODIGO, RESPUE_N_CODIGO) VALUES (11, 22)
--------------------------------------------------------------------------------------
INSERT INTO TG_SITUACION_RESPUESTA (SITUAC_N_CODIGO, RESPUE_N_CODIGO) VALUES (12, 19)
INSERT INTO TG_SITUACION_RESPUESTA (SITUAC_N_CODIGO, RESPUE_N_CODIGO) VALUES (12, 21)
INSERT INTO TG_SITUACION_RESPUESTA (SITUAC_N_CODIGO, RESPUE_N_CODIGO) VALUES (12, 22)
INSERT INTO TG_SITUACION_RESPUESTA (SITUAC_N_CODIGO, RESPUE_N_CODIGO) VALUES (12, 23)
--------------------------------------------------------------------------------------
INSERT INTO TG_SITUACION_RESPUESTA (SITUAC_N_CODIGO, RESPUE_N_CODIGO) VALUES (13, 18)
INSERT INTO TG_SITUACION_RESPUESTA (SITUAC_N_CODIGO, RESPUE_N_CODIGO) VALUES (13, 20)
--------------------------------------------------------------------------------------
INSERT INTO TG_SITUACION_RESPUESTA (SITUAC_N_CODIGO, RESPUE_N_CODIGO) VALUES (14, 22)
INSERT INTO TG_SITUACION_RESPUESTA (SITUAC_N_CODIGO, RESPUE_N_CODIGO) VALUES (14, 24)
--------------------------------------------------------------------------------------
INSERT INTO TG_SITUACION_RESPUESTA (SITUAC_N_CODIGO, RESPUE_N_CODIGO) VALUES (15, 21)
--------------------------------------------------------------------------------------
INSERT INTO TG_SITUACION_RESPUESTA (SITUAC_N_CODIGO, RESPUE_N_CODIGO) VALUES (16, 19)
INSERT INTO TG_SITUACION_RESPUESTA (SITUAC_N_CODIGO, RESPUE_N_CODIGO) VALUES (16, 20)
--------------------------------------------------------------------------------------
INSERT INTO TG_SITUACION_RESPUESTA (SITUAC_N_CODIGO, RESPUE_N_CODIGO) VALUES (17, 18)
INSERT INTO TG_SITUACION_RESPUESTA (SITUAC_N_CODIGO, RESPUE_N_CODIGO) VALUES (17, 19)
INSERT INTO TG_SITUACION_RESPUESTA (SITUAC_N_CODIGO, RESPUE_N_CODIGO) VALUES (17, 20)
INSERT INTO TG_SITUACION_RESPUESTA (SITUAC_N_CODIGO, RESPUE_N_CODIGO) VALUES (17, 22)
INSERT INTO TG_SITUACION_RESPUESTA (SITUAC_N_CODIGO, RESPUE_N_CODIGO) VALUES (17, 23)
--------------------------------------------------------------------------------------
INSERT INTO TG_SITUACION_RESPUESTA (SITUAC_N_CODIGO, RESPUE_N_CODIGO) VALUES (18, 18)
INSERT INTO TG_SITUACION_RESPUESTA (SITUAC_N_CODIGO, RESPUE_N_CODIGO) VALUES (18, 20)
INSERT INTO TG_SITUACION_RESPUESTA (SITUAC_N_CODIGO, RESPUE_N_CODIGO) VALUES (18, 21)
INSERT INTO TG_SITUACION_RESPUESTA (SITUAC_N_CODIGO, RESPUE_N_CODIGO) VALUES (18, 23)
INSERT INTO TG_SITUACION_RESPUESTA (SITUAC_N_CODIGO, RESPUE_N_CODIGO) VALUES (18, 24)
--------------------------------------------------------------------------------------
INSERT INTO TG_SITUACION_RESPUESTA (SITUAC_N_CODIGO, RESPUE_N_CODIGO) VALUES (19, 23)
--------------------------------------------------------------------------------------
INSERT INTO TG_SITUACION_RESPUESTA (SITUAC_N_CODIGO, RESPUE_N_CODIGO) VALUES (20, 20)
INSERT INTO TG_SITUACION_RESPUESTA (SITUAC_N_CODIGO, RESPUE_N_CODIGO) VALUES (20, 22)
--------------------------------------------------------------------------------------
INSERT INTO TG_SITUACION_RESPUESTA (SITUAC_N_CODIGO, RESPUE_N_CODIGO) VALUES (21, 24)
--------------------------------------------------------------------------------------
INSERT INTO TG_SITUACION_RESPUESTA (SITUAC_N_CODIGO, RESPUE_N_CODIGO) VALUES (22, 22)